<?xml version="1.0" encoding="UTF-8"?>
<!DOCTYPE hibernate-configuration PUBLIC "-//Hibernate/Hibernate Configuration DTD 3.0//EN"
                                         "http://hibernate.sourceforge.net/hibernate-configuration-3.0.dtd">
<hibernate-configuration>
 <session-factory name="testHibernate">
  <property name="hibernate.connection.driver_class">org.postgresql.Driver</property>
  <property name="hibernate.connection.url">jdbc:postgresql://localhost:5432/postgres</property>
  <property name="hibernate.connection.username">postgres</property>
  <property name="hibernate.dialect">org.hibernate.dialect.PostgreSQLDialect</property>
  <property name="hibernate.query.factory_class">org.hibernate.hql.classic.ClassicQueryTranslatorFactory</property>
  <property name="hibernate.current_session_context_class">thread</property>
  <property name="hibernate.show_sql">true</property>
  <property name="hibernate.default_schema">public</property>
  <property name="hibernate.connection.password">kaiser</property>
  <mapping resource="projetTest/beans/Client.hbm.xml"/>
  <mapping resource="projetTest/beans/Utilisateur.hbm.xml"/>
  <mapping resource="projetTest/beans/Contient.hbm.xml"/>
  <mapping resource="projetTest/beans/Facture.hbm.xml"/>
  <mapping resource="projetTest/beans/Fournisseur.hbm.xml"/>
  <mapping resource="projetTest/beans/Prixproduit.hbm.xml"/>
  <mapping resource="projetTest/beans/Produit.hbm.xml"/>
  <mapping resource="projetTest/beans/Stockproduit.hbm.xml"/>
 </session-factory>
</hibernate-configuration>