<?xml version="1.0" encoding="UTF-8"?>
<!DOCTYPE hibernate-reverse-engineering PUBLIC "-//Hibernate/Hibernate Reverse Engineering DTD 3.0//EN" "http://hibernate.sourceforge.net/hibernate-reverse-engineering-3.0.dtd" >

<hibernate-reverse-engineering>
  <table-filter match-name="client"/>
  <table-filter match-name="contient"/>
  <table-filter match-name="facture"/>
  <table-filter match-name="fournisseur"/>
  <table-filter match-name="prixproduit"/>
  <table-filter match-name="produit"/>
  <table-filter match-name="stockproduit"/>
  <table-filter match-name="utilisateur"/>
</hibernate-reverse-engineering>