<?xml version="1.0"?>
<!DOCTYPE hibernate-mapping PUBLIC "-//Hibernate/Hibernate Mapping DTD 3.0//EN"
"http://hibernate.sourceforge.net/hibernate-mapping-3.0.dtd">
<!-- Generated 25 mai 2013 15:25:21 by Hibernate Tools 3.4.0.CR1 -->
<hibernate-mapping>
    <class name="projetTest.beans.Facture" table="facture">
        <id name="idFacture" type="int">
            <column name="id_facture" />
            <generator class="assigned" />
        </id>
        <many-to-one name="utilisateur" class="projetTest.beans.Utilisateur" fetch="select">
            <column name="id_user" not-null="true" />
        </many-to-one>
        <many-to-one name="client" class="projetTest.beans.Client" fetch="select">
            <column name="id_client" not-null="true" />
        </many-to-one>
        <property name="dateFacture" type="date">
            <column name="date_facture" length="13" />
        </property>
        <property name="montantFacture" type="java.lang.Double">
            <column name="montant_facture" scale="0" />
        </property>
        <property name="modePaiementFacture" type="string">
            <column name="mode_paiement_facture" length="128" />
        </property>
        <set name="contients" table="contient" inverse="true" lazy="true" fetch="select">
            <key>
                <column name="id_facture" not-null="true" />
            </key>
            <one-to-many class="projetTest.beans.Contient" />
        </set>
    </class>
</hibernate-mapping>
