<?xml version="1.0"?>
<!DOCTYPE hibernate-mapping PUBLIC "-//Hibernate/Hibernate Mapping DTD 3.0//EN"
"http://hibernate.sourceforge.net/hibernate-mapping-3.0.dtd">
<!-- Generated 25 mai 2013 15:25:21 by Hibernate Tools 3.4.0.CR1 -->
<hibernate-mapping>
    <class name="projetTest.beans.Prixproduit" table="prixproduit">
        <id name="idPrix" type="int">
            <column name="id_prix" />
            <generator class="assigned" />
        </id>
        <many-to-one name="produit" class="projetTest.beans.Produit" fetch="select">
            <column name="id_produit" not-null="true" />
        </many-to-one>
        <property name="debutValiditePrix" type="date">
            <column name="debut_validite_prix" length="13" />
        </property>
        <property name="finValiditePrix" type="date">
            <column name="fin_validite_prix" length="13" />
        </property>
        <property name="valeurPrix" type="java.lang.Double">
            <column name="valeur_prix" scale="0" />
        </property>
    </class>
</hibernate-mapping>
