<?xml version="1.0"?>
<!DOCTYPE hibernate-mapping PUBLIC "-//Hibernate/Hibernate Mapping DTD 3.0//EN"
"http://hibernate.sourceforge.net/hibernate-mapping-3.0.dtd">
<!-- Generated 25 mai 2013 15:25:21 by Hibernate Tools 3.4.0.CR1 -->
<hibernate-mapping>
    <class name="projetTest.beans.Produit" table="produit">
        <id name="idProduit" type="int">
            <column name="id_produit" />
            <generator class="assigned" />
        </id>
        <property name="nomProduit" type="string">
            <column name="nom_produit" length="128" />
        </property>
        <property name="garantieProduit" type="string">
            <column name="garantie_produit" length="32" />
        </property>
        <set name="prixproduits" table="prixproduit" inverse="true" lazy="true" fetch="select">
            <key>
                <column name="id_produit" not-null="true" />
            </key>
            <one-to-many class="projetTest.beans.Prixproduit" />
        </set>
        <set name="stockproduits" table="stockproduit" inverse="true" lazy="true" fetch="select">
            <key>
                <column name="id_produit" not-null="true" />
            </key>
            <one-to-many class="projetTest.beans.Stockproduit" />
        </set>
        <set name="contients" table="contient" inverse="true" lazy="true" fetch="select">
            <key>
                <column name="id_produit" not-null="true" />
            </key>
            <one-to-many class="projetTest.beans.Contient" />
        </set>
    </class>
</hibernate-mapping>
